{
 "n": 43612,
 "e": 39086,
 "c": 26210,
 "recall": 0.6009813812712098,
 "precision": 0.670572583533746,
 "f-measure": 0.6338726450458294
}